Ability Name,Hero,Agi Winrate,Agi Avg Pick Order,Int Winrate,Int Avg Pick Order,Str Winrate,Str Avg Pick Order,Melee Winrate,Melee Avg Pickorder,Ranged Winrate,Ranged Avg Pickorder,Img_link
Anchor Smash,Tidehunter,46.01%,16.42,46.83%,17.77,47.24%,14.08,47.06%,14.42,45.73%,19.17,skills\tidehunter_anchor_smash.png
Dispose,Marci,50.09%,19.24,49.64%,18.64,51.73%,18.48,51.31%,18.55,49.81%,19.11,skills\marci_grapple.png
Ravage,Tidehunter,51.45%,21.42,52.44%,20.09,51.79%,20.99,51.53%,21,52.44%,20.6,skills\tidehunter_ravage.png
Magic Missile,Vengeful Spirit,50.17%,10.97,51.06%,10.13,52.31%,11.13,51.38%,11.13,50.87%,10.42,skills\vengefulspirit_magic_missile.png
Vengeance Aura,Vengeful Spirit,55.52%,4.84,57.73%,4.54,56.79%,4.6,56.46%,4.66,56.67%,4.69,skills\vengefulspirit_command_aura.png
Wave of Terror,Vengeful Spirit,48.58%,31.75,49.50%,31.48,48.43%,32.16,47.47%,32.27,49.51%,31.5,skills\vengefulspirit_wave_of_terror.png
Nether Swap,Vengeful Spirit,45.36%,33.05,46.34%,32.62,46.92%,33.09,46.02%,33.1,46.26%,32.8,skills\vengefulspirit_nether_swap.png
Crystal Nova,Crystal Maiden,50.49%,29.25,51.59%,27.68,52.35%,29.44,51.03%,29.4,51.73%,27.9,skills\crystal_maiden_crystal_nova.png
Unleash,Marci,50.82%,4.61,52.51%,4.3,49.90%,4.58,48.60%,4.7,53.08%,4.33,skills\marci_unleash.png
Frostbite,Crystal Maiden,53.41%,8.19,52.25%,7.45,54.26%,8.15,53.83%,8.08,52.51%,7.6,skills\crystal_maiden_frostbite.png
Arcane Aura,Crystal Maiden,48.89%,28.5,48.59%,27.04,49.31%,28.26,49.18%,28.4,48.65%,27.27,skills\crystal_maiden_brilliance_aura.png
Freezing Field,Crystal Maiden,51.50%,26.57,49.97%,25.39,53.12%,26.33,52.56%,26.42,50.30%,25.58,skills\crystal_maiden_freezing_field.png
Shackleshot,Windranger,49.14%,26.52,50.82%,25.55,50.74%,26.46,49.67%,26.49,50.67%,25.78,skills\windrunner_shackleshot.png
Powershot,Windranger,44.66%,29.41,46.31%,28.73,45.30%,29.18,45.25%,29.26,45.96%,28.85,skills\windrunner_powershot.png
Windrun,Windranger,55.12%,6.94,55.61%,6.52,56.47%,6.69,55.69%,6.66,55.73%,6.7,skills\windrunner_windrun.png
Focus Fire,Windranger,43.28%,16.87,44.79%,15.36,42.20%,17.35,41.03%,17.69,44.72%,15.68,skills\windrunner_focusfire.png
Frost Blast,Lich,45.76%,31.54,48.55%,29.88,48.01%,31.88,46.55%,31.77,48.45%,30.07,skills\lich_frost_nova.png
Frost Shield,Lich,46.78%,31.76,48.08%,30.62,48.78%,31.17,48.02%,31.33,48.07%,30.84,skills\lich_frost_shield.png
Chain Frost,Lich,53.97%,23.59,54.44%,20.89,55.10%,23.91,54.42%,23.63,54.53%,21.41,skills\lich_chain_frost.png
Paralyzing Cask,Witch Doctor,52.96%,19.9,52.56%,18.07,52.82%,20.21,52.64%,20,52.73%,18.43,skills\witch_doctor_paralyzing_cask.png
Voodoo Restoration,Witch Doctor,47.14%,30.52,49.97%,31.2,51.53%,30.41,49.13%,30.62,50.35%,30.97,skills\witch_doctor_voodoo_restoration.png
Maledict,Witch Doctor,47.82%,24.99,47.64%,22.86,48.61%,24.9,48.71%,25.1,47.48%,23.07,skills\witch_doctor_maledict.png
Death Ward,Witch Doctor,48.40%,22.06,48.71%,19.65,49.09%,22.15,49.57%,22.21,48.27%,19.98,skills\witch_doctor_death_ward.png
Smoke Screen,Riki,51.26%,33.28,51.30%,33.14,52.55%,33.6,51.40%,33.33,52.06%,33.35,skills\riki_smoke_screen.png
Blink Strike,Riki,46.91%,19.48,46.74%,21.33,50.20%,19.8,48.32%,19.34,47.80%,21.93,skills\riki_blink_strike.png
Cloak and Dagger,Riki,56.25%,2.13,56.50%,2.05,57.14%,2.06,56.12%,2.1,57.18%,2.06,skills\riki_backstab.png
Tricks of the Trade,Riki,45.09%,27.59,46.34%,28.87,44.98%,28.79,43.92%,27.83,47.59%,28.74,skills\riki_tricks_of_the_trade.png
Malefice,Enigma,51.85%,28.84,51.67%,27.1,52.32%,29.1,51.61%,29.06,52.00%,27.44,skills\enigma_malefice.png
Demonic Conversion,Enigma,43.35%,30.75,43.71%,30.05,43.95%,30.59,44.27%,30.55,43.40%,30.2,skills\enigma_demonic_conversion.png
Midnight Pulse,Enigma,54.25%,24.64,54.57%,22.94,56.36%,24.79,55.59%,24.65,54.62%,23.24,skills\enigma_midnight_pulse.png
Black Hole,Enigma,51.17%,13.98,50.73%,12.04,52.90%,14.09,52.09%,14.08,50.98%,12.3,skills\enigma_black_hole.png
Laser,Tinker,50.46%,20.79,50.66%,18.79,51.06%,20.9,50.89%,20.88,50.63%,19.06,skills\tinker_laser.png
Heat-Seeking Missile,Tinker,45.28%,27.79,44.69%,26.71,44.80%,27.7,44.98%,27.78,44.75%,26.82,skills\tinker_heat_seeking_missile.png
Rearm,Tinker,42.09%,10.08,42.92%,8.09,42.72%,9.7,42.57%,9.75,42.81%,8.35,skills\tinker_rearm.png
Shrapnel,Sniper,56.06%,22.34,55.55%,20.85,55.11%,21.77,54.56%,21.75,56.20%,21.58,skills\sniper_shrapnel.png
Headshot,Sniper,50.38%,16.95,46.57%,16.58,44.63%,17.67,43.20%,17.74,49.82%,16.73,skills\sniper_headshot.png
Take Aim,Sniper,52.48%,8.6,47.00%,8.51,46.48%,10.01,46.17%,10.23,50.59%,8.47,skills\sniper_take_aim.png
Assassinate,Sniper,47.66%,21.65,48.79%,19.2,48.00%,21.1,47.93%,20.82,48.36%,20.33,skills\sniper_assassinate.png
Death Pulse,Necrophos,50.99%,28.44,48.48%,27.34,54.20%,27.74,53.99%,27.96,48.34%,27.45,skills\necrolyte_death_pulse.png
Heartstopper Aura,Necrophos,60.27%,5.13,55.96%,4.87,61.89%,4.63,61.83%,4.67,56.23%,5.02,skills\necrolyte_heartstopper_aura.png
Ghost Shroud,Necrophos,51.09%,31.07,48.95%,29.85,52.53%,30.79,52.57%,30.89,49.00%,30.01,skills\necrolyte_sadist.png
Reaper's Scythe,Necrophos,49.01%,23.47,48.00%,20.78,50.39%,23.38,50.26%,23.5,48.03%,21.22,skills\necrolyte_reapers_scythe.png
Fatal Bonds,Warlock,48.49%,27.59,50.68%,25.54,49.29%,27.46,48.92%,27.46,50.41%,25.88,skills\warlock_fatal_bonds.png
Sidekick,Marci,48.13%,21.72,48.79%,21.67,46.39%,21.4,45.41%,21.55,49.93%,21.62,skills\marci_guardian.png
Shadow Word,Warlock,50.09%,31,51.46%,29.93,49.39%,30.77,49.50%,30.99,51.29%,30.01,skills\warlock_shadow_word.png
Rebound,Marci,45.91%,25.69,47.19%,24.96,47.19%,24.18,46.56%,24.34,47.44%,25.61,skills\marci_companion_run.png
Upheaval,Warlock,45.56%,31.87,48.90%,32.68,46.00%,31.86,45.49%,31.94,48.57%,32.5,skills\warlock_upheaval.png
Chaotic Offering,Warlock,51.70%,14.79,54.95%,11.69,53.34%,14.85,52.73%,14.71,54.59%,12.14,skills\warlock_rain_of_chaos.png
Wild Axes,Beastmaster,52.87%,6.89,54.79%,6.36,53.01%,6.33,53.28%,6.33,54.08%,6.6,skills\beastmaster_wild_axes.png
Inner Beast,Beastmaster,49.02%,27.17,50.44%,26.95,47.22%,26.8,46.38%,26.9,51.18%,27.04,skills\beastmaster_inner_beast.png
Shadow Strike,Queen of Pain,45.24%,27.91,48.73%,26.6,46.64%,28,45.96%,28.12,48.23%,26.76,skills\queenofpain_shadow_strike.png
Blink,Queen of Pain,53.45%,6.1,55.12%,5.71,55.14%,5.75,54.87%,5.77,54.65%,5.84,skills\queenofpain_blink.png
Scream Of Pain,Queen of Pain,45.34%,30.83,47.69%,30.35,49.77%,31.04,48.60%,30.99,47.19%,30.39,skills\queenofpain_scream_of_pain.png
Sonic Wave,Queen of Pain,45.34%,27.38,47.42%,25.8,46.79%,27.2,45.96%,27.34,47.25%,26.04,skills\queenofpain_sonic_wave.png
Primal Roar,Beastmaster,50.45%,27.5,51.29%,26.76,50.59%,26.77,50.04%,26.9,51.65%,27.07,skills\beastmaster_primal_roar.png
Venomous Gale,Venomancer,48.10%,23.49,49.90%,22.92,50.71%,24.74,49.76%,24.61,49.18%,23.05,skills\venomancer_venomous_gale.png
Poison Sting,Venomancer,51.57%,15.19,53.37%,14.43,50.84%,16.68,50.02%,16.91,52.76%,14.61,skills\broodmother_poison_sting.png
Plague Ward,Venomancer,46.55%,27.85,49.87%,27.52,47.04%,27.34,46.48%,27.49,48.35%,27.69,skills\venomancer_plague_ward.png
Poison Nova,Venomancer,50.79%,29.54,53.57%,29.24,55.21%,29.87,54.35%,29.82,51.98%,29.35,skills\venomancer_poison_nova.png
Time Walk,Faceless Void,51.73%,9.43,53.00%,9.13,53.45%,8.99,52.07%,8.96,53.59%,9.61,skills\faceless_void_time_walk.png
Call of the Wild Boar,Beastmaster,40.69%,30.51,44.07%,30.07,39.96%,30.35,40.04%,30.43,43.15%,30.14,skills\beastmaster_call_of_the_wild_boar.png
Call of the Wild Hawk,Beastmaster,43.89%,32.64,45.86%,32.22,44.26%,32.2,44.25%,32.45,45.25%,32.17,skills\beastmaster_call_of_the_wild_hawk.png
Time Lock,Faceless Void,49.24%,5.1,50.12%,5.19,47.78%,5.49,46.29%,5.32,51.81%,5.1,skills\faceless_void_time_lock.png
Chronosphere,Faceless Void,48.69%,25.37,48.99%,25.05,48.59%,25.53,47.68%,25.38,50.11%,25.26,skills\faceless_void_chronosphere.png
Nether Blast,Pugna,45.13%,27.45,46.82%,25.99,46.44%,27.33,45.93%,27.44,46.68%,26.11,skills\pugna_nether_blast.png
Decrepify,Pugna,45.64%,24.41,46.51%,22.36,47.11%,24.61,46.84%,24.75,46.33%,22.53,skills\pugna_decrepify.png
Nether Ward,Pugna,53.92%,26.79,55.60%,24.4,54.60%,26.62,54.27%,26.7,55.36%,24.82,skills\pugna_nether_ward.png
Life Drain,Pugna,47.71%,21.47,47.36%,18.78,49.45%,21.3,49.12%,21.41,47.32%,19.11,skills\pugna_life_drain.png
Stifling Dagger,Phantom Assassin,46.77%,22.39,49.74%,20.99,47.94%,22.26,46.77%,22.08,49.38%,21.81,skills\phantom_assassin_stifling_dagger.png
Phantom Strike,Phantom Assassin,48.58%,12.24,49.50%,15.29,51.08%,12.45,49.70%,12.01,49.35%,16.26,skills\phantom_assassin_phantom_strike.png
Blur,Phantom Assassin,52.07%,18.68,55.85%,18.38,52.49%,18.89,51.18%,18.82,55.55%,18.47,skills\phantom_assassin_blur.png
Coup de Grace,Phantom Assassin,44.44%,11.85,44.97%,12.59,44.23%,12.96,42.99%,12.31,46.47%,12.27,skills\phantom_assassin_coup_de_grace.png
Refraction,Templar Assassin,51.05%,18.27,53.55%,18.13,49.42%,18.73,48.88%,18.78,52.81%,18.09,skills\templar_assassin_refraction.png
Meld,Templar Assassin,49.82%,25.51,50.96%,24.26,46.06%,26.27,45.66%,26.96,50.64%,24.7,skills\templar_assassin_meld.png
Psi Blades,Templar Assassin,51.96%,4.91,52.16%,5.16,49.62%,5.45,49.93%,5.45,52.22%,4.95,skills\templar_assassin_psi_blades.png
Psionic Trap,Templar Assassin,45.66%,33.94,47.08%,33.63,44.29%,33.64,44.69%,33.72,46.36%,33.8,skills\templar_assassin_psionic_trap.png
Poison Attack,Viper,55.24%,13.37,53.58%,12.27,50.31%,14.98,47.61%,16.25,54.91%,12.62,skills\viper_poison_attack.png
Nethertoxin,Viper,50.33%,9.88,50.60%,9.18,52.07%,9.38,51.74%,9.34,50.36%,9.58,skills\viper_nethertoxin.png
Corrosive Skin,Viper,53.56%,22.17,53.20%,22.25,54.40%,19.89,53.77%,20.26,54.08%,22.54,skills\viper_corrosive_skin.png
Viper Strike,Viper,45.86%,28.86,45.74%,27.72,47.34%,29.27,46.63%,29.27,45.96%,28.15,skills\viper_viper_strike.png
Lucent Beam,Luna,50.70%,13.89,49.49%,13.29,49.73%,15.07,48.74%,14.9,50.64%,13.44,skills\luna_lucent_beam.png
Moon Glaives,Luna,54.13%,5.98,50.23%,6.23,49.43%,6.94,48.91%,6.76,53.57%,6,skills\luna_moon_glaive.png
Lunar Blessing,Luna,51.08%,26.6,50.14%,26.4,47.04%,26.96,46.34%,27.06,51.79%,26.41,skills\luna_lunar_grace.png
Eclipse,Luna,48.79%,30.82,47.25%,31.02,46.77%,30.84,46.51%,30.91,48.39%,30.89,skills\luna_eclipse.png
Breathe Fire,Dragon Knight,45.38%,32.77,46.30%,31.66,47.02%,32.47,46.30%,32.56,46.54%,31.95,skills\dragon_knight_breathe_fire.png
Dragon Tail,Dragon Knight,52.78%,21.46,52.57%,20.75,53.45%,20.63,53.58%,20.72,51.92%,21.25,skills\dragon_knight_dragon_tail.png
Dragon Blood,Dragon Knight,49.38%,14.47,50.12%,14.84,50.24%,12.3,49.72%,12.53,50.96%,15.27,skills\dragon_knight_dragon_blood.png
Elder Dragon Form,Dragon Knight,52.36%,6.73,52.14%,6.52,47.27%,7.17,46.21%,7.27,53.77%,6.47,skills\dragon_knight_elder_dragon_form.png
Poison Touch,Dazzle,47.84%,25.74,49.64%,23.71,47.42%,26,47.26%,26.1,49.41%,24.03,skills\dazzle_poison_touch.png
Shallow Grave,Dazzle,47.22%,32.78,48.49%,31.48,45.98%,32.28,45.77%,32.44,48.48%,31.78,skills\dazzle_shallow_grave.png
Shadow Wave,Dazzle,48.54%,32.75,50.38%,32.03,48.75%,32.69,48.30%,32.78,50.29%,32.11,skills\dazzle_shadow_wave.png
Battery Assault,Clockwerk,49.15%,23.32,48.98%,23.37,51.43%,21.39,51.12%,21.72,47.87%,23.89,skills\rattletrap_battery_assault.png
Power Cogs,Clockwerk,44.61%,32.54,45.09%,31.77,48.15%,31.61,47.46%,31.82,44.86%,31.92,skills\rattletrap_power_cogs.png
Rocket Flare,Clockwerk,47.72%,32.89,47.98%,32.21,46.91%,32.95,46.19%,32.92,48.83%,32.4,skills\rattletrap_rocket_flare.png
Hookshot,Clockwerk,47.77%,27.79,48.88%,27.1,49.97%,26.28,49.29%,26.52,49.03%,27.6,skills\rattletrap_hookshot.png
Split Earth,Leshrac,49.82%,15.09,52.53%,13.81,51.85%,15.24,51.28%,15.19,52.12%,14,skills\leshrac_split_earth.png
Diabolic Edict,Leshrac,43.76%,30.02,47.89%,28.57,47.95%,30.48,46.71%,30.42,47.35%,28.7,skills\leshrac_diabolic_edict.png
Lightning Storm,Leshrac,43.84%,30.74,48.37%,30.67,45.69%,30.74,45.56%,30.81,47.73%,30.65,skills\leshrac_lightning_storm.png
Pulse Nova,Leshrac,50.79%,11.93,53.98%,9.96,53.75%,10.65,53.23%,10.6,53.52%,10.42,skills\leshrac_pulse_nova.png
Sprout,Nature's Prophet,46.23%,32.15,51.03%,31.72,46.79%,31.77,45.34%,31.56,50.14%,31.9,skills\furion_sprout.png
Teleportation,Nature's Prophet,46.67%,17.91,51.65%,16.38,45.90%,17.63,45.67%,17.76,50.75%,16.71,skills\furion_teleportation.png
Nature's Call,Nature's Prophet,38.38%,29.06,42.39%,28.16,37.30%,28.34,38.04%,28.52,41.49%,28.35,skills\furion_force_of_nature.png
Wrath of Nature,Nature's Prophet,49.27%,25.18,53.44%,23.82,49.30%,24.93,48.77%,25.07,52.63%,24.15,skills\furion_wrath_of_nature.png
Rage,Lifestealer,53.64%,15.01,55.02%,14.85,51.37%,14.41,51.14%,14.49,55.67%,15.03,skills\life_stealer_rage.png
Feast,Lifestealer,51.57%,16.31,50.61%,17.23,47.89%,15.9,47.36%,15.88,52.96%,16.92,skills\life_stealer_feast.png
Infest,Lifestealer,48.42%,25.99,50.23%,23.22,49.18%,24.57,48.64%,25.1,50.18%,23.93,skills\life_stealer_infest.png
Inner Fire,Huskar,51.53%,22.04,52.86%,21.74,52.44%,21.12,52.77%,21.39,51.79%,21.66,skills\huskar_inner_fire.png
Bulldoze,Spirit Breaker,52.00%,28.77,51.45%,28.6,50.34%,28.14,49.94%,28.36,52.93%,28.57,skills\spirit_breaker_bulldoze.png
Vacuum,Dark Seer,50.26%,25.76,52.02%,24.25,51.39%,25.87,51.48%,25.16,51.44%,24.89,skills\dark_seer_vacuum.png
Ion Shell,Dark Seer,47.98%,15.35,50.28%,13.4,50.05%,14.95,50.39%,14,48.09%,15.15,skills\dark_seer_ion_shell.png
Bad Juju,Dazzle,48.55%,4.01,50.23%,3.75,49.18%,3.89,49.02%,3.91,49.90%,3.81,skills\dazzle_bad_juju.png
Surge,Dark Seer,47.64%,31.77,48.17%,30.99,47.78%,31.55,47.11%,31.3,48.81%,31.5,skills\dark_seer_surge.png
Wall of Replica,Dark Seer,55.47%,27.47,55.09%,26.31,54.20%,27.97,53.41%,27.46,56.49%,26.76,skills\dark_seer_wall_of_replica.png
Divine Favor,Chen,52.11%,31.89,51.24%,31.17,51.87%,31.22,51.73%,31.47,51.71%,31.32,skills\chen_divine_favor.png
Burning Barrage,Clinkz,44.73%,21.4,47.03%,21.59,44.03%,22.7,44.73%,22.83,45.49%,21.33,skills\clinkz_strafe.png
Lucky Shot,Pangolier,47.61%,21,49.04%,20.98,47.11%,22.06,45.24%,21.68,50.26%,20.86,skills\pangolier_lucky_shot.png
Searing Arrows,Clinkz,45.17%,19.65,47.80%,19.07,44.96%,21.44,43.63%,22.33,46.44%,19.21,skills\clinkz_searing_arrows.png
Skeleton Walk,Clinkz,52.45%,12.57,55.97%,11.92,55.73%,12.54,54.65%,12.56,54.34%,12.21,skills\clinkz_wind_walk.png
Spirit Link,Lone Druid,50.37%,25.01,50.08%,24.28,48.12%,25.43,47.53%,25.64,51.05%,24.49,skills\lone_druid_spirit_link.png
Death Pact,Clinkz,51.13%,20.88,53.60%,21.4,50.25%,21.45,50.18%,21.41,52.35%,21,skills\clinkz_death_pact.png
Cinder Brew,Brewmaster,47.71%,31.22,49.07%,30.49,49.58%,31.04,49.15%,31.08,48.70%,30.69,skills\brewmaster_cinder_brew.png
Purification,Omniknight,47.78%,30.17,49.10%,29.02,49.88%,29.17,49.42%,29.46,48.89%,29.09,skills\omniknight_purification.png
Heavenly Grace,Omniknight,50.77%,28.71,53.30%,28.16,52.29%,26.94,51.64%,27.26,53.04%,28.32,skills\omniknight_repel.png
Degen Aura,Omniknight,46.96%,28.77,47.67%,27.76,50.07%,28.01,49.34%,28.22,46.95%,28.04,skills\omniknight_degen_aura.png
Guardian Angel,Omniknight,50.87%,28.68,53.68%,28.17,51.39%,28.13,50.81%,28.36,53.18%,28.23,skills\omniknight_guardian_angel.png
Counterspell,Anti-Mage,51.87%,24.3,53.64%,23.72,53.06%,23.04,51.85%,23.4,54.22%,24.22,skills\antimage_counterspell.png
Untouchable,Enchantress,49.10%,17.42,50.61%,17.35,50.34%,16.13,49.35%,16.27,50.70%,17.55,skills\enchantress_untouchable.png
Enchant,Enchantress,46.76%,33.4,46.25%,33.13,46.35%,33.36,46.11%,33.37,46.62%,33.21,skills\enchantress_enchant.png
Terrorize,Dark Willow,50.75%,25.74,49.72%,25.54,53.58%,24.89,53.03%,24.79,49.55%,26.05,skills\dark_willow_terrorize.png
Nature's Attendants,Enchantress,52.62%,31.18,53.06%,30.46,52.81%,30.24,52.66%,30.58,53.03%,30.55,skills\enchantress_natures_attendants.png
Impetus,Enchantress,47.05%,12.51,49.07%,10.18,46.91%,12.93,44.96%,14.42,48.73%,10.61,skills\enchantress_impetus.png
Ransack,Meepo,45.86%,28.21,49.40%,28.41,43.11%,28.53,41.99%,28.08,50.45%,28.65,skills\meepo_ransack.png
Burning Spear,Huskar,46.15%,24.07,46.16%,22.47,47.09%,24.52,47.04%,25.86,46.40%,22.97,skills\huskar_burning_spear.png
Arcane Supremacy,Rubick,49.14%,8.24,50.71%,6.96,50.42%,8.44,50.23%,8.42,50.46%,7.09,skills\rubick_arcane_supremacy.png
Berserker's Blood,Huskar,50.25%,5.47,49.25%,5.54,51.71%,4.8,51.40%,4.93,50.56%,5.22,skills\huskar_berserkers_blood.png
Life Break,Huskar,46.24%,28.73,45.46%,27.65,49.89%,28.1,50.03%,28.29,45.83%,27.99,skills\huskar_life_break.png
Tag Team,Tusk,42.86%,25.95,42.49%,25.41,45.81%,26.19,44.75%,26.14,43.40%,25.56,skills\tusk_tag_team.png
Void,Night Stalker,49.27%,24.54,50.54%,23.08,51.40%,23.46,50.71%,23.63,50.56%,23.54,skills\night_stalker_void.png
Crippling Fear,Night Stalker,44.48%,33.62,46.15%,32.73,47.11%,33.33,46.30%,33.46,46.21%,32.78,skills\night_stalker_crippling_fear.png
Hunter in the Night,Night Stalker,51.15%,7.89,52.27%,8.25,50.95%,7.34,49.94%,7.41,53.69%,8.19,skills\night_stalker_hunter_in_the_night.png
Sinister Gaze,Lich,51.44%,27.73,51.56%,26.5,52.80%,28.11,51.99%,28.05,51.79%,26.67,skills\lich_sinister_gaze.png
Dark Ascension,Night Stalker,49.57%,26.96,50.24%,26.48,47.93%,26.81,46.73%,26.95,51.85%,26.57,skills\night_stalker_darkness.png
Spawn Spiderlings,Broodmother,43.66%,31.25,46.57%,31.58,45.29%,31.97,43.91%,31.28,46.37%,31.86,skills\broodmother_spawn_spiderlings.png
Spin Web,Broodmother,47.17%,10.94,50.17%,11.03,49.65%,11.74,47.49%,10.97,50.41%,11.45,skills\broodmother_spin_web.png
Insatiable Hunger,Broodmother,50.56%,16.31,51.65%,16.87,48.27%,17.18,47.38%,16.71,53.00%,16.67,skills\broodmother_insatiable_hunger.png
Shuriken Toss,Bounty Hunter,45.09%,29.14,45.38%,29.1,44.29%,29.71,44.73%,29.19,45.32%,29.37,skills\bounty_hunter_shuriken_toss.png
Jinada,Bounty Hunter,47.82%,7.68,49.45%,7.31,47.18%,8.3,45.81%,8.06,49.98%,7.4,skills\bounty_hunter_jinada.png
Shadow Walk,Bounty Hunter,49.05%,18.37,50.84%,18.27,48.65%,18.67,48.35%,18.1,50.90%,18.83,skills\bounty_hunter_wind_walk.png
Track,Bounty Hunter,51.82%,14.08,53.24%,14.22,51.37%,14.98,50.84%,14.24,53.62%,14.51,skills\bounty_hunter_track.png
The Swarm,Weaver,50.05%,29.51,52.91%,29.21,51.06%,30.21,50.86%,30.15,51.38%,29.28,skills\weaver_the_swarm.png
Shukuchi,Weaver,55.04%,2.3,57.19%,2.2,58.93%,2.18,58.21%,2.2,55.86%,2.25,skills\weaver_shukuchi.png
Geminate Attack,Weaver,47.34%,11.28,49.72%,11.47,45.55%,11.77,45.69%,11.8,48.57%,11.27,skills\weaver_geminate_attack.png
Time Lapse,Weaver,48.06%,30.11,49.59%,30.04,47.93%,30.38,48.13%,30.44,48.67%,29.98,skills\weaver_time_lapse.png
Dual Breath,Jakiro,49.49%,26.59,52.05%,24.66,50.19%,26.69,49.67%,26.65,51.83%,24.93,skills\jakiro_dual_breath.png
Ice Path,Jakiro,51.34%,25.56,51.55%,24.17,51.19%,25.73,50.90%,25.69,51.67%,24.41,skills\jakiro_ice_path.png
Liquid Fire,Jakiro,49.17%,25.46,49.08%,23.55,46.96%,25.87,45.97%,26,49.62%,24.03,skills\jakiro_liquid_fire.png
Macropyre,Jakiro,53.22%,28.02,55.33%,26.26,54.69%,28,53.47%,28.11,55.30%,26.56,skills\jakiro_macropyre.png
Bramble Maze,Dark Willow,51.91%,24.19,52.62%,22.36,54.11%,24.23,52.96%,24.18,52.74%,22.73,skills\dark_willow_bramble_maze.png
Shadow Realm,Dark Willow,54.08%,3.32,55.00%,3.2,52.45%,3.56,52.16%,3.7,54.90%,3.19,skills\dark_willow_shadow_realm.png
Cursed Crown,Dark Willow,48.37%,31.81,48.30%,30.73,48.19%,31.83,48.19%,31.86,48.34%,30.93,skills\dark_willow_cursed_crown.png
Rolling Thunder,Pangolier,49.06%,26.58,50.01%,26.29,51.70%,26.87,50.42%,26.63,49.90%,26.6,skills\pangolier_gyroshell.png
Sticky Napalm,Batrider,47.77%,9.66,47.99%,8.56,48.44%,9.33,48.57%,9.31,47.74%,8.8,skills\batrider_sticky_napalm.png
Swashbuckle,Pangolier,45.05%,8.87,48.33%,9.8,46.20%,9.35,44.84%,8.77,48.75%,10.14,skills\pangolier_swashbuckle.png
Flamebreak,Batrider,44.71%,32.1,46.21%,31.7,46.35%,32.13,45.57%,32.03,46.14%,31.82,skills\batrider_flamebreak.png
Firefly,Batrider,48.49%,30.67,47.39%,28.65,47.87%,29.96,47.68%,30.08,47.89%,29.15,skills\batrider_firefly.png
Flaming Lasso,Batrider,45.40%,31.22,46.16%,30.69,47.46%,31.54,47.13%,31.64,45.80%,30.63,skills\batrider_flaming_lasso.png
Penitence,Chen,47.45%,28.95,48.43%,26.75,47.67%,28.81,46.84%,29.04,48.55%,27.33,skills\chen_penitence.png
Holy Persuasion,Chen,40.19%,30.57,42.28%,29.44,41.79%,30.27,40.65%,30.44,42.28%,29.61,skills\chen_holy_persuasion.png
Hand of God,Chen,49.03%,33.24,49.40%,32.9,47.91%,32.94,46.30%,32.9,50.30%,33.04,skills\chen_hand_of_god.png
Spectral Dagger,Spectre,50.57%,27.4,53.50%,27.69,54.27%,28.31,51.26%,27.58,53.83%,27.91,skills\spectre_spectral_dagger.png
Desolate,Spectre,49.25%,24.87,51.12%,24.81,47.15%,25.58,44.83%,25.21,53.27%,24.83,skills\spectre_desolate.png
Dispersion,Spectre,54.23%,7.39,56.47%,8.63,58.42%,6.87,56.69%,6.93,55.71%,9.18,skills\spectre_dispersion.png
Haunt,Spectre,51.71%,24.38,53.41%,24.94,53.00%,26,49.93%,25.03,55.63%,24.8,skills\spectre_haunt.png
Devour,Doom,52.04%,9.17,50.25%,9.19,49.96%,8.37,49.85%,8.43,51.83%,9.41,skills\doom_bringer_devour.png
Scorched Earth,Doom,48.24%,28.65,49.65%,27.88,49.33%,26.78,49.02%,27.04,49.44%,28.44,skills\doom_bringer_scorched_earth.png
Infernal Blade,Doom,54.65%,7.2,56.28%,6.28,51.33%,7.92,50.98%,8.32,56.13%,6.36,skills\doom_bringer_infernal_blade.png
Doom,Doom,48.79%,23.6,49.75%,22.23,48.61%,22.34,48.46%,22.57,49.72%,22.71,skills\doom_bringer_doom.png
Cold Feet,Ancient Apparition,50.25%,29.98,50.13%,28.74,49.90%,29.91,49.38%,29.88,50.47%,28.96,skills\ancient_apparition_cold_feet.png
Ice Vortex,Ancient Apparition,52.46%,30.44,54.00%,29.92,53.88%,30.29,53.04%,30.38,53.97%,29.99,skills\ancient_apparition_ice_vortex.png
Chilling Touch,Ancient Apparition,49.23%,11.76,50.06%,9.2,47.57%,12.72,44.12%,14.04,50.20%,9.65,skills\ancient_apparition_chilling_touch.png
Ice Blast,Ancient Apparition,52.45%,21.5,53.40%,19.7,55.17%,21.13,54.32%,21.19,53.24%,20.09,skills\ancient_apparition_ice_blast.png
Charge of Darkness,Spirit Breaker,51.14%,10.91,50.40%,10.84,51.24%,9.65,51.22%,9.8,50.58%,11.24,skills\spirit_breaker_charge_of_darkness.png
Greater Bash,Spirit Breaker,46.89%,12.62,47.06%,12.23,45.58%,12.97,44.98%,13.02,47.96%,12.26,skills\spirit_breaker_greater_bash.png
Nether Strike,Spirit Breaker,43.40%,32.48,42.29%,31.68,42.38%,31.78,42.38%,31.86,43.33%,32.22,skills\spirit_breaker_nether_strike.png
Earthshock,Ursa,48.54%,28.12,49.29%,28.78,49.63%,28.25,48.77%,27.99,50.44%,29.38,skills\ursa_earthshock.png
Acorn Shot,Hoodwink,53.39%,15.99,49.01%,16.25,45.81%,18.21,45.00%,18.63,52.55%,15.8,skills\hoodwink_acorn_shot.png
Overpower,Ursa,44.78%,12.53,48.13%,12.38,44.01%,12.55,42.29%,12.55,48.42%,12.43,skills\ursa_overpower.png
Fury Swipes,Ursa,54.39%,3.1,53.83%,3.11,50.26%,3.15,49.51%,3.16,56.15%,3.08,skills\ursa_fury_swipes.png
Enrage,Ursa,51.21%,23.78,53.14%,24.29,50.71%,23.55,49.67%,23.46,54.06%,24.34,skills\ursa_enrage.png
Rocket Barrage,Gyrocopter,49.40%,24.39,48.89%,23.55,49.11%,24.13,48.73%,24.17,49.74%,23.97,skills\gyrocopter_rocket_barrage.png
Homing Missile,Gyrocopter,53.11%,21.25,52.71%,19.54,52.08%,21.3,51.12%,21.25,53.61%,20.17,skills\gyrocopter_homing_missile.png
Flak Cannon,Gyrocopter,53.71%,9,47.61%,9.91,47.24%,11.5,46.15%,11.96,52.22%,9.08,skills\gyrocopter_flak_cannon.png
Call Down,Gyrocopter,49.49%,32.29,48.18%,31.97,47.65%,32.57,47.05%,32.57,49.53%,32.08,skills\gyrocopter_call_down.png
Acid Spray,Alchemist,46.87%,30.37,48.09%,29.48,47.02%,29.75,46.39%,29.89,48.40%,29.8,skills\alchemist_acid_spray.png
Unstable Concoction,Alchemist,49.67%,28.3,48.46%,27.1,48.92%,27.61,48.97%,27.79,48.97%,27.36,skills\alchemist_unstable_concoction.png
Greevil's Greed,Alchemist,48.38%,7.49,48.05%,7.38,46.50%,7.14,46.53%,7.19,48.87%,7.48,skills\alchemist_goblins_greed.png
Chemical Rage,Alchemist,54.87%,9.88,54.92%,10.16,50.49%,9.26,50.65%,9.39,56.25%,10.08,skills\alchemist_chemical_rage.png
Arcane Curse,Silencer,49.47%,27.23,51.25%,25.63,49.64%,27.45,48.93%,27.3,51.25%,25.91,skills\silencer_curse_of_the_silent.png
Glaives of Wisdom,Silencer,50.82%,5.62,57.19%,4.29,49.96%,5.75,48.30%,5.93,56.59%,4.44,skills\silencer_glaives_of_wisdom.png
Last Word,Silencer,48.18%,26.79,50.76%,24.95,49.27%,26.97,48.46%,26.87,50.58%,25.23,skills\silencer_last_word.png
Global Silence,Silencer,48.72%,31.95,52.27%,31.4,48.71%,31.62,48.12%,31.76,51.75%,31.5,skills\silencer_global_silence.png
Arcane Orb,Outworld Devourer,46.35%,25.5,49.90%,23.86,45.62%,25.89,43.88%,26.22,49.63%,24.05,skills\obsidian_destroyer_arcane_orb.png
Astral Imprisonment,Outworld Devourer,48.49%,17.68,50.57%,16.43,50.49%,17.93,49.36%,17.76,50.53%,16.66,skills\obsidian_destroyer_astral_imprisonment.png
Sanity's Eclipse,Outworld Devourer,41.65%,29.98,46.27%,32.78,41.92%,29.36,42.43%,28.83,45.77%,32.65,skills\obsidian_destroyer_sanity_eclipse.png
Summon Wolves,Lycan,43.92%,31.7,44.39%,30.81,44.90%,30.95,43.87%,31.06,45.59%,31.12,skills\lycan_summon_wolves.png
Howl,Lycan,48.32%,33.53,48.84%,32.8,46.92%,33.28,46.80%,33.35,49.46%,33.16,skills\lycan_howl.png
Feral Impulse,Lycan,52.20%,10.42,50.18%,10.88,49.36%,10.06,49.00%,10.09,52.84%,10.76,skills\lycan_feral_impulse.png
Shapeshift,Lycan,47.35%,21.65,45.95%,22.03,49.78%,20.25,49.20%,20.43,46.40%,22.46,skills\lycan_shapeshift.png
Thunder Clap,Brewmaster,45.50%,30.58,47.61%,30.15,47.98%,30.07,47.43%,30.19,46.99%,30.24,skills\polar_furbolg_ursa_warrior_thunder_clap.png
Drunken Brawler,Brewmaster,52.57%,11.36,52.83%,11.66,52.55%,10.96,51.69%,11.03,53.97%,11.56,skills\brewmaster_drunken_brawler.png
Primal Split,Brewmaster,51.90%,26.75,53.25%,25.93,55.28%,25.6,54.19%,25.75,53.30%,26.39,skills\brewmaster_primal_split.png
Scurry,Hoodwink,51.56%,28.27,50.41%,28.31,47.57%,29.5,47.05%,29.57,51.91%,28.08,skills\hoodwink_scurry.png
Summon Spirit Bear,Lone Druid,43.58%,21.72,43.96%,21.74,43.88%,22.08,43.28%,22.24,44.16%,21.54,skills\lone_druid_spirit_bear.png
Savage Roar,Lone Druid,49.04%,33.74,50.70%,33.54,49.98%,33.78,49.01%,33.89,50.31%,33.55,skills\lone_druid_savage_roar.png
True Form,Lone Druid,47.45%,24.42,47.65%,25.63,50.38%,23.77,49.81%,23.79,46.75%,25.4,skills\lone_druid_true_form.png
Disruption,Shadow Demon,53.57%,22.27,53.56%,20.06,53.89%,22.24,53.42%,22.17,53.74%,20.53,skills\shadow_demon_disruption.png
Soul Catcher,Shadow Demon,46.42%,32.84,47.97%,31.54,46.63%,32.61,46.38%,32.72,47.83%,31.72,skills\shadow_demon_soul_catcher.png
Shadow Poison,Shadow Demon,42.16%,26.1,44.03%,25.75,45.25%,25.21,44.28%,25.72,43.83%,25.67,skills\shadow_demon_shadow_poison.png
Demonic Purge,Shadow Demon,49.82%,25.81,51.11%,23.65,50.85%,25.61,50.51%,25.64,50.86%,24.11,skills\shadow_demon_demonic_purge.png
Chaos Bolt,Chaos Knight,50.47%,10.85,51.16%,9.8,51.21%,10.6,50.94%,10.61,51.11%,10.08,skills\chaos_knight_chaos_bolt.png
Reality Rift,Chaos Knight,48.11%,25.73,47.37%,26.71,47.87%,24.23,47.82%,24.4,48.32%,27.35,skills\chaos_knight_reality_rift.png
Chaos Strike,Chaos Knight,51.84%,10.44,49.80%,10.98,47.36%,10.44,47.45%,10.39,52.21%,10.77,skills\chaos_knight_chaos_strike.png
Phantasm,Chaos Knight,52.67%,27.33,52.06%,27.87,47.07%,27.65,46.96%,27.57,54.10%,27.58,skills\chaos_knight_phantasm.png
Earthbind,Meepo,42.55%,32.6,44.48%,32.17,43.70%,33.04,42.33%,32.75,44.99%,32.4,skills\meepo_earthbind.png
Poof,Meepo,43.07%,33.29,46.16%,33.09,44.44%,33.61,42.84%,33.4,46.58%,33.26,skills\meepo_poof.png
Leech Seed,Treant Protector,46.48%,33.61,45.64%,32.4,48.08%,33.35,47.67%,33.44,45.97%,32.67,skills\treant_leech_seed.png
Living Armor,Treant Protector,45.47%,32.84,45.92%,32.16,46.56%,32.07,45.81%,32.23,46.60%,32.31,skills\treant_living_armor.png
Overgrowth,Treant Protector,51.71%,24.82,51.40%,23.76,51.57%,23.5,51.20%,23.7,52.07%,24.17,skills\treant_overgrowth.png
Shield Crash,Pangolier,50.40%,26.05,53.31%,26.59,54.27%,25.3,52.62%,25.47,52.18%,27.04,skills\pangolier_shield_crash.png
Fireblast,Ogre Magi,47.74%,25.47,48.19%,23.25,48.25%,25.2,48.11%,24.61,48.11%,23.89,skills\ogre_magi_fireblast.png
Ignite,Ogre Magi,46.77%,29.18,48.24%,27.26,48.30%,28.86,47.84%,28.44,48.11%,27.64,skills\ogre_magi_ignite.png
Bloodlust,Ogre Magi,50.12%,23.12,49.95%,22.03,47.43%,23.21,46.33%,22.81,52.45%,22.6,skills\ogre_magi_bloodlust.png
Decay,Undying,46.53%,17.15,47.53%,15.81,47.18%,14.47,46.85%,14.78,47.95%,16.11,skills\undying_decay.png
Soul Rip,Undying,46.45%,32.76,46.63%,32.68,46.11%,33.08,45.83%,33.07,47.10%,32.65,skills\undying_soul_rip.png
Tombstone,Undying,54.90%,7.84,56.52%,7.43,55.83%,7.23,55.41%,7.27,56.50%,7.63,skills\undying_tombstone.png
Dissimilate,Void Spirit,47.75%,25.51,46.91%,23.76,48.71%,25.54,46.50%,24.84,48.98%,24.54,skills\void_spirit_dissimilate.png
Flesh Golem,Undying,55.08%,15.96,55.71%,16.17,54.13%,15.48,53.28%,15.7,57.12%,15.89,skills\undying_flesh_golem.png
Telekinesis,Rubick,47.83%,31.74,46.45%,30.21,48.21%,31.73,47.39%,31.76,46.99%,30.47,skills\rubick_telekinesis.png
Fade Bolt,Rubick,46.66%,29.34,47.88%,27.77,47.12%,29.13,47.20%,29.23,47.67%,27.95,skills\rubick_fade_bolt.png
Scatterblast,Snapfire,47.99%,24,49.11%,22.75,50.53%,23.79,49.04%,23.67,49.76%,23.39,skills\snapfire_scatterblast.png
Nature's Grasp,Treant Protector,50.73%,26.21,52.11%,24.59,51.44%,25.23,51.21%,25.39,51.87%,25.03,skills\treant_natures_grasp.png
Thunder Strike,Disruptor,52.51%,21.28,54.70%,17.88,52.82%,21.63,52.79%,21.62,54.43%,18.24,skills\disruptor_thunder_strike.png
Mortimer Kisses,Snapfire,49.09%,28.51,50.83%,27.32,51.04%,28.44,49.55%,28.49,51.02%,27.78,skills\snapfire_mortimer_kisses.png
Glimpse,Disruptor,47.55%,32.6,47.61%,31.62,47.29%,32.51,46.89%,32.49,47.83%,31.84,skills\disruptor_glimpse.png
Firesnap Cookie,Snapfire,47.80%,30.8,47.81%,30.31,49.93%,30.62,48.43%,30.63,49.15%,30.53,skills\snapfire_firesnap_cookie.png
Kinetic Field,Disruptor,47.73%,30.92,48.60%,29.68,47.92%,30.88,47.48%,30.87,48.64%,29.9,skills\disruptor_kinetic_field.png
Static Storm,Disruptor,49.84%,30.54,50.72%,28.96,50.24%,30.55,49.30%,30.51,51.02%,29.27,skills\disruptor_static_storm.png
Impale,Nyx Assassin,51.38%,14.97,52.15%,14.32,51.95%,15.54,51.61%,15.09,52.05%,14.65,skills\nyx_assassin_impale.png
Multishot,Drow Ranger,48.25%,30.38,44.52%,30.14,40.90%,29.53,38.64%,29.43,47.57%,30.34,skills\drow_ranger_multishot.png
Mana Burn,Nyx Assassin,48.03%,30.29,49.43%,29.32,49.74%,30.83,48.85%,30.39,49.14%,29.69,skills\nyx_assassin_mana_burn.png
Spiked Carapace,Nyx Assassin,53.30%,21.22,54.97%,21.12,54.92%,21.08,53.59%,20.98,55.35%,21.41,skills\nyx_assassin_spiked_carapace.png
Lil' Shredder,Snapfire,44.00%,12.04,44.51%,11,52.46%,8.49,42.14%,12.7,49.53%,9.46,skills\snapfire_lil_shredder.png
Vendetta,Nyx Assassin,46.18%,17.96,47.76%,18.55,46.67%,18.65,45.72%,17.76,48.20%,19.12,skills\nyx_assassin_vendetta.png
Mirror Image,Naga Siren,53.90%,18.65,51.67%,20.84,47.41%,20.46,51.09%,18.67,53.53%,20.49,skills\naga_siren_mirror_image.png
Soulbind,Grimstroke,49.87%,29.73,50.03%,27.76,50.13%,29.81,49.81%,29.74,50.13%,28.17,skills\grimstroke_soul_chain.png
Ensnare,Naga Siren,50.01%,23.75,49.59%,22.27,49.53%,23.81,49.90%,23.72,49.56%,22.73,skills\naga_siren_ensnare.png
Rip Tide,Naga Siren,50.61%,24.54,44.99%,25.71,45.59%,25.54,48.87%,24.71,46.40%,26.42,skills\naga_siren_rip_tide.png
Song of the Siren,Naga Siren,47.52%,33.72,45.95%,32.98,46.06%,33.41,46.52%,33.51,46.79%,33.33,skills\naga_siren_song_of_the_siren.png
Illuminate,Keeper of the Light,42.70%,28.41,45.22%,27.06,43.23%,28.28,42.89%,28.37,44.96%,27.22,skills\keeper_of_the_light_illuminate.png
God's Rebuke,Mars,46.13%,21.95,46.34%,22.68,47.48%,19.6,47.06%,19.96,46.90%,23.33,skills\mars_gods_rebuke.png
Chakra Magic,Keeper of the Light,48.37%,11.38,48.41%,9.96,48.52%,11.29,48.17%,11.26,48.57%,10.18,skills\keeper_of_the_light_chakra_magic.png
Spirit Form,Keeper of the Light,47.96%,29.39,49.02%,27.33,48.53%,29.17,48.13%,29.38,48.93%,27.65,skills\keeper_of_the_light_spirit_form.png
Grave Chill,Visage,48.16%,29.74,47.59%,28.22,46.16%,30.07,45.99%,30.17,48.40%,28.65,skills\visage_grave_chill.png
Soul Assumption,Visage,46.84%,26.11,48.69%,24.12,49.18%,26.26,48.21%,26.33,48.55%,24.35,skills\visage_soul_assumption.png
Gravekeeper's Cloak,Visage,52.70%,23.69,51.92%,22.56,52.51%,21.99,52.13%,22.36,52.65%,22.97,skills\visage_gravekeepers_cloak.png
Summon Familiars,Visage,43.65%,31.88,45.36%,30.56,46.35%,31.1,44.97%,31.25,45.27%,30.96,skills\visage_summon_familiars.png
Tether,Io,53.26%,24.2,54.16%,22.8,55.40%,22.79,55.09%,23.79,54.27%,22.66,skills\wisp_tether.png
Spirits,Io,51.88%,24.99,51.89%,24.18,54.12%,23.51,53.38%,24.3,52.59%,23.79,skills\wisp_spirits.png
Overcharge,Io,48.38%,21.19,48.76%,20.62,47.83%,21.17,45.64%,21.81,49.75%,20.58,skills\wisp_overcharge.png
Relocate,Io,45.26%,33.98,46.94%,33.2,45.51%,33.67,43.78%,33.54,47.08%,33.7,skills\wisp_relocate.png
Dark Pact,Slark,47.76%,29.86,50.75%,28.69,51.04%,29.66,48.82%,29.65,51.35%,29.4,skills\slark_dark_pact.png
Pounce,Slark,45.65%,22.75,50.67%,22.61,48.11%,22.82,45.88%,22.59,50.76%,23.02,skills\slark_pounce.png
Essence Shift,Slark,51.14%,4.88,49.95%,5.87,47.71%,5.87,46.59%,5.29,53.69%,5.17,skills\slark_essence_shift.png
Shadow Dance,Slark,55.98%,12.97,58.97%,12.78,57.14%,12.37,54.62%,12.39,60.34%,13.24,skills\slark_shadow_dance.png
Split Shot,Medusa,48.60%,12.92,45.85%,14.43,43.87%,16.64,42.31%,17.22,48.14%,13.18,skills\medusa_split_shot.png
Mystic Snake,Medusa,48.28%,17.51,48.93%,15.83,49.40%,17.35,48.98%,17.33,48.74%,16.48,skills\medusa_mystic_snake.png
Mana Shield,Medusa,54.30%,19.08,54.55%,18.63,48.98%,20.64,48.32%,20.74,55.07%,18.69,skills\medusa_mana_shield.png
Stone Gaze,Medusa,50.06%,29.07,50.25%,28.52,50.00%,28.71,49.15%,28.76,50.66%,28.83,skills\medusa_stone_gaze.png
Whirling Axes (Ranged),Troll Warlord,48.05%,33.09,50.21%,32.7,49.24%,33.07,48.65%,33.27,49.11%,32.83,skills\troll_warlord_whirling_axes_ranged.png
Whirling Axes (Melee),Troll Warlord,49.09%,29.67,51.71%,29.64,51.45%,29.25,50.74%,29.35,50.17%,29.73,skills\troll_warlord_whirling_axes_melee.png
Fervor,Troll Warlord,47.37%,15.54,48.29%,15.97,45.36%,15.58,44.72%,15.4,48.39%,15.77,skills\troll_warlord_fervor.png
Battle Trance,Troll Warlord,48.90%,23.43,50.52%,23.71,45.29%,23.43,45.38%,23.5,50.16%,23.49,skills\troll_warlord_battle_trance.png
Hoof Stomp,Centaur Warrunner,50.17%,20.45,49.97%,20.57,51.55%,20.21,51.27%,20.17,49.81%,20.9,skills\centaur_hoof_stomp.png
Double Edge,Centaur Warrunner,42.83%,29.47,44.97%,28.04,49.80%,28.21,49.28%,28.36,43.98%,27.93,skills\centaur_double_edge.png
Retaliate,Centaur Warrunner,46.89%,17.61,48.51%,17.16,52.21%,13.63,51.76%,13.97,47.25%,17.86,skills\centaur_return.png
Stampede,Centaur Warrunner,50.50%,32.43,51.69%,32.1,51.45%,31.8,51.07%,31.93,51.63%,32.2,skills\centaur_stampede.png
Shockwave,Magnus,52.47%,9.97,53.98%,8.9,54.45%,9.72,53.95%,9.7,53.74%,9.17,skills\satyr_hellcaller_shockwave.png
Empower,Magnus,50.88%,12.52,47.58%,15.42,52.00%,11.62,51.75%,11.53,48.09%,16.81,skills\magnataur_empower.png
Skewer,Magnus,46.69%,23.37,46.49%,22.55,48.96%,22.35,48.35%,22.56,46.80%,22.8,skills\magnataur_skewer.png
Reverse Polarity,Magnus,47.55%,23.36,47.87%,22.43,49.67%,22.57,49.25%,22.74,47.59%,22.71,skills\magnataur_reverse_polarity.png
Whirling Death,Timbersaw,49.62%,17.83,51.16%,18.13,50.73%,15.86,50.65%,16.19,50.13%,18.56,skills\shredder_whirling_death.png
Timber Chain,Timbersaw,44.74%,29.64,46.66%,28.78,45.61%,28.61,45.19%,28.77,46.49%,29.15,skills\shredder_timber_chain.png
Reactive Armor,Timbersaw,48.45%,15.15,50.21%,15.52,49.09%,12.2,49.00%,12.55,49.48%,16.13,skills\shredder_reactive_armor.png
Chakram,Timbersaw,49.17%,28.35,50.15%,26.92,50.71%,28.22,50.80%,28.26,49.31%,27.15,skills\shredder_chakram.png
Viscous Nasal Goo,Bristleback,49.99%,18.66,49.76%,18.3,49.90%,18.78,49.53%,18.82,50.43%,18.33,skills\bristleback_viscous_nasal_goo.png
Quill Spray,Bristleback,47.20%,16.91,47.49%,16.53,47.74%,14.44,47.50%,14.71,47.94%,17.21,skills\bristleback_quill_spray.png
Bristleback,Bristleback,50.43%,21.03,51.45%,21.34,50.20%,17.72,50.11%,18.13,51.72%,21.86,skills\bristleback_bristleback.png
Warpath,Bristleback,51.08%,21.34,51.33%,21.23,49.49%,22.55,49.34%,22.41,52.02%,21.05,skills\bristleback_warpath.png
Bulwark,Mars,50.15%,7.59,51.55%,8.08,54.77%,6.09,54.09%,6.22,50.24%,8.73,skills\mars_bulwark.png
Spear of Mars,Mars,49.92%,21.05,50.74%,19.45,50.86%,20.7,50.61%,20.72,50.58%,19.9,skills\mars_spear.png
Ice Shards,Tusk,47.90%,30.46,50.30%,29.19,50.09%,30.25,49.16%,30.33,50.14%,29.5,skills\tusk_ice_shards.png
Snowball,Tusk,48.72%,25.19,49.77%,24.29,52.43%,24.18,51.59%,24.32,49.51%,24.83,skills\tusk_snowball.png
Walrus PUNCH!,Tusk,46.24%,11.13,46.99%,10.41,47.66%,9.54,46.85%,9.86,47.50%,10.61,skills\tusk_walrus_punch.png
Arena Of Blood,Mars,48.17%,30.17,50.27%,29.78,50.11%,29.33,49.52%,29.44,49.85%,30.04,skills\mars_arena_of_blood.png
Arcane Bolt,Skywrath Mage,45.33%,24.38,48.19%,22.6,45.49%,23.31,45.78%,23.75,47.99%,22.67,skills\skywrath_mage_arcane_bolt.png
Concussive Shot,Skywrath Mage,50.86%,27.45,51.92%,24.7,51.56%,27.33,51.40%,27.39,51.74%,25.12,skills\skywrath_mage_concussive_shot.png
Ancient Seal,Skywrath Mage,50.80%,27.76,51.21%,25.03,51.68%,27.52,51.03%,27.7,51.31%,25.35,skills\skywrath_mage_ancient_seal.png
Mystic Flare,Skywrath Mage,46.78%,23.78,49.06%,21.67,49.20%,23.81,48.18%,23.82,48.94%,21.87,skills\skywrath_mage_mystic_flare.png
Mist Coil,Abaddon,48.01%,32.19,48.78%,31.59,49.18%,32.37,48.89%,32.36,48.80%,31.73,skills\abaddon_death_coil.png
Aphotic Shield,Abaddon,51.09%,28.89,52.08%,27.68,50.84%,27.7,50.72%,27.91,52.07%,28.1,skills\abaddon_aphotic_shield.png
Curse of Avernus,Abaddon,51.11%,10.36,49.41%,10.15,47.86%,11.02,47.54%,10.89,51.14%,10.2,skills\abaddon_frostmourne.png
Borrowed Time,Abaddon,56.48%,12.82,57.55%,12.51,55.05%,11.04,54.74%,11.24,58.37%,12.98,skills\abaddon_borrowed_time.png
Echo Stomp,Elder Titan,45.70%,30.81,45.18%,30.62,46.76%,30.63,46.61%,30.68,45.15%,30.65,skills\elder_titan_echo_stomp_spirit.png
Astral Spirit,Elder Titan,50.77%,25.39,49.52%,25.17,48.48%,23.48,48.33%,23.94,50.97%,25.18,skills\elder_titan_ancestral_spirit.png
Natural Order,Elder Titan,51.84%,21.68,49.97%,22.47,52.98%,20.79,52.83%,20.83,49.92%,23.07,skills\elder_titan_natural_order_spirit.png
Earth Splitter,Elder Titan,48.44%,33,48.40%,32.03,48.86%,32.54,48.54%,32.6,48.71%,32.39,skills\elder_titan_earth_splitter.png
Overwhelming Odds,Legion Commander,47.13%,32.94,47.79%,31.85,48.61%,33.07,47.94%,33.08,48.09%,32.13,skills\legion_commander_overwhelming_odds.png
Press The Attack,Legion Commander,51.41%,22.26,53.45%,21.23,50.90%,21.79,50.64%,22.03,53.11%,21.48,skills\legion_commander_press_the_attack.png
Moment of Courage,Legion Commander,47.57%,17.12,47.72%,17.57,47.92%,17.07,47.57%,16.95,48.49%,17.76,skills\legion_commander_moment_of_courage.png
Duel,Legion Commander,47.00%,9.7,44.68%,10.66,48.21%,8.53,48.01%,8.62,45.14%,11.29,skills\legion_commander_duel.png
Proximity Mines,Techies,45.59%,26.63,46.64%,24.9,47.20%,26.22,46.60%,26.32,46.54%,25.2,skills\techies_land_mines.png
Stasis Trap,Techies,45.73%,32.47,47.56%,32.15,46.85%,32.23,46.41%,32.15,47.29%,32.29,skills\techies_stasis_trap.png
Blast Off!,Techies,47.54%,21.41,48.36%,20.46,48.60%,21.91,48.15%,21.78,48.37%,20.62,skills\techies_suicide.png
Remote Mines,Techies,43.24%,27.59,45.16%,26.49,45.02%,27.5,44.76%,27.4,44.70%,26.74,skills\techies_remote_mines.png
Searing Chains,Ember Spirit,48.44%,27.09,48.91%,26.91,49.67%,27.65,48.92%,27.3,49.14%,27.15,skills\ember_spirit_searing_chains.png
Sleight of Fist,Ember Spirit,48.25%,5.51,50.05%,6.18,48.88%,5.32,48.33%,5.27,50.19%,6.46,skills\ember_spirit_sleight_of_fist.png
Flame Guard,Ember Spirit,46.92%,27.73,47.60%,26.93,48.00%,27.52,47.39%,27.41,47.67%,27.8,skills\ember_spirit_flame_guard.png
Fire Remnant,Ember Spirit,46.89%,23.24,49.36%,22.82,48.35%,24.05,46.86%,23.36,49.59%,23.34,skills\ember_spirit_fire_remnant.png
Boulder Smash,Earth Spirit,44.74%,32.23,44.42%,32.04,45.87%,31.92,45.31%,31.88,45.03%,32.29,skills\earth_spirit_boulder_smash.png
Rolling Boulder,Earth Spirit,45.42%,30.76,46.30%,30.4,47.39%,29.14,46.90%,29.43,46.28%,30.6,skills\earth_spirit_rolling_boulder.png
Geomagnetic Grip,Earth Spirit,41.71%,29.46,42.67%,29.44,38.01%,29.95,39.24%,30.24,41.86%,28.95,skills\earth_spirit_geomagnetic_grip.png
Magnetize,Earth Spirit,43.56%,30.52,41.88%,29.79,46.16%,30.49,45.80%,30.66,42.09%,29.65,skills\earth_spirit_magnetize.png
Firestorm,Underlord,54.15%,13.36,55.11%,11.83,56.52%,12.34,56.20%,12.44,54.72%,12.27,skills\abyssal_underlord_firestorm.png
Pit of Malice,Underlord,49.98%,24.6,51.08%,23.24,51.45%,23.71,51.07%,23.8,50.88%,23.68,skills\abyssal_underlord_pit_of_malice.png
Atrophy Aura,Underlord,58.33%,4.87,56.07%,5.14,52.87%,4.92,52.99%,4.89,59.14%,5.04,skills\abyssal_underlord_atrophy_aura.png
Dark Rift,Underlord,45.20%,33.98,44.08%,33.2,43.47%,33.84,43.20%,33.73,45.29%,33.66,skills\abyssal_underlord_dark_rift.png
Reflection,Terrorblade,54.31%,22.48,53.44%,21.16,53.61%,22.17,53.83%,22.24,53.79%,21.62,skills\terrorblade_reflection.png
Conjure Image,Terrorblade,49.04%,26.94,45.78%,27.37,42.38%,27.62,45.95%,27.01,48.28%,27.33,skills\terrorblade_conjure_image.png
Metamorphosis,Terrorblade,46.45%,8.42,44.49%,8.67,40.86%,9.31,43.29%,8.72,46.14%,8.61,skills\terrorblade_metamorphosis.png
Sunder,Terrorblade,48.98%,29.72,45.84%,29.64,46.81%,29.54,48.00%,29.45,46.96%,29.95,skills\terrorblade_sunder.png
Icarus Dive,Phoenix,48.06%,26.14,49.25%,23.89,47.54%,24.01,47.47%,25.67,48.62%,23.79,skills\phoenix_icarus_dive.png
Fire Spirits,Phoenix,43.89%,32.14,45.16%,31.36,44.66%,31.58,44.99%,32.32,44.45%,31.23,skills\phoenix_fire_spirits.png
Sun Ray,Phoenix,44.85%,30.5,47.88%,29.83,45.63%,30.37,45.52%,30.68,46.62%,29.96,skills\phoenix_sun_ray.png
Supernova,Phoenix,51.83%,25.83,52.40%,24.74,51.98%,24.16,52.55%,25.4,51.75%,24.25,skills\phoenix_supernova.png
Gust,Drow Ranger,51.85%,32.58,47.46%,32.23,45.84%,32.67,45.49%,32.7,50.73%,32.42,skills\drow_ranger_wave_of_silence.png
Fortune's End,Oracle,50.25%,27.35,51.68%,25.6,51.94%,27.91,50.93%,27.75,51.68%,25.88,skills\oracle_fortunes_end.png
Fate's Edict,Oracle,49.11%,32.77,47.94%,31.87,47.78%,32.6,47.45%,32.67,48.66%,32.06,skills\oracle_fates_edict.png
Purifying Flames,Oracle,44.84%,28.49,44.34%,27.75,45.11%,27.65,44.37%,27.9,44.73%,27.85,skills\oracle_purifying_flames.png
False Promise,Oracle,49.88%,32.57,50.00%,31.6,50.18%,32.52,49.26%,32.62,50.43%,31.84,skills\oracle_false_promise.png
Arctic Burn,Winter Wyvern,59.72%,3.6,60.89%,3.5,55.82%,3.7,54.82%,3.79,61.02%,3.5,skills\winter_wyvern_arctic_burn.png
Solar Bind,Keeper of the Light,47.83%,32.14,48.84%,30.91,47.09%,32.02,47.01%,32.07,48.79%,31.13,skills\keeper_of_the_light_radiant_bind.png
Splinter Blast,Winter Wyvern,44.99%,31.79,45.96%,30.87,44.32%,31.69,44.70%,31.7,45.79%,30.99,skills\winter_wyvern_splinter_blast.png
Cold Embrace,Winter Wyvern,48.61%,31.68,49.43%,30.58,49.53%,31.55,49.01%,31.63,49.44%,30.78,skills\winter_wyvern_cold_embrace.png
Aether Remnant,Void Spirit,50.78%,31.02,49.87%,30.23,52.18%,31.17,50.32%,30.98,51.20%,30.31,skills\void_spirit_aether_remnant.png
Winter's Curse,Winter Wyvern,51.72%,22.6,51.13%,20.88,51.96%,22.59,51.61%,22.54,51.43%,21.32,skills\winter_wyvern_winters_curse.png
Astral Step,Void Spirit,54.48%,11.28,51.86%,9.68,55.16%,9.83,53.25%,9.44,54.64%,11.89,skills\void_spirit_astral_step.png
Resonant Pulse,Void Spirit,49.05%,23.37,48.70%,21.75,49.99%,22.77,48.95%,22.28,49.80%,22.89,skills\void_spirit_resonant_pulse.png
Flux,Arc Warden,47.23%,32.19,45.44%,31.45,47.76%,32.56,46.19%,32.69,47.16%,31.74,skills\arc_warden_flux.png
Magnetic Field,Arc Warden,48.80%,30.93,48.11%,31.07,46.42%,31.92,45.30%,32.11,49.03%,30.86,skills\arc_warden_magnetic_field.png
Spark Wraith,Arc Warden,48.04%,26.73,49.69%,26.46,49.62%,27.09,49.01%,27.25,49.19%,26.43,skills\arc_warden_spark_wraith.png
Essence Flux,Outworld Devourer,45.17%,8.59,49.59%,7.3,45.83%,8.61,45.00%,8.57,49.16%,7.5,skills\obsidian_destroyer_equilibrium.png
Spirit Siphon,Death Prophet,53.80%,16.89,54.19%,15.3,54.60%,15.92,54.70%,16.09,53.79%,15.65,skills\death_prophet_spirit_siphon.png
Time Dilation,Faceless Void,48.37%,34.13,48.82%,33.14,51.18%,34.39,49.08%,34.28,50.30%,33.39,skills\faceless_void_time_dilation.png
Boundless Strike,Monkey King,51.87%,17,50.51%,16.98,49.47%,16.38,50.71%,16.4,50.98%,17.5,skills\monkey_king_boundless_strike.png
Tree Dance,Monkey King,44.43%,31.42,43.39%,30.7,43.10%,31.3,43.44%,31.28,44.27%,31.05,skills\monkey_king_tree_dance.png
Jingu Mastery,Monkey King,45.65%,11.73,44.35%,12.14,40.79%,12.07,43.25%,11.8,45.28%,12.03,skills\monkey_king_jingu_mastery.png
Wukong's Command,Monkey King,49.52%,14.73,51.14%,12.96,43.48%,17.27,43.14%,18.24,51.47%,13.01,skills\monkey_king_wukongs_command.png
Ghoul Frenzy,Lifestealer,49.70%,18.36,51.25%,18.17,46.38%,18.59,45.84%,18.64,51.88%,18.16,skills\life_stealer_ghoul_frenzy.png
Silken Bola,Broodmother,51.23%,30.76,53.28%,30.32,52.26%,31.13,50.90%,30.98,53.54%,30.45,skills\broodmother_silken_bola.png
Defense Matrix,Tinker,47.77%,33.78,47.54%,33.47,47.72%,33.02,47.22%,33.28,48.02%,33.51,skills\tinker_defense_matrix.png
Cold Snap,Invoker,53.67%,25.01,52.78%,22.88,51.60%,24.56,50.99%,24.87,53.55%,23.3,skills\invoker_cold_snap.png
Ghost Walk,Invoker,51.90%,26.75,50.75%,25.2,50.34%,26.33,50.44%,26.51,51.17%,25.52,skills\invoker_ghost_walk.png
Tornado,Invoker,46.50%,27.41,48.51%,25.19,47.96%,26.79,47.53%,26.81,48.18%,25.64,skills\invoker_tornado.png
E.M.P.,Invoker,51.31%,31.93,51.00%,30.81,49.92%,31.83,50.25%,31.82,51.06%,31.01,skills\invoker_emp.png
Alacrity,Invoker,49.29%,16.87,50.80%,15.93,48.41%,17.42,46.99%,17.27,51.17%,16.22,skills\invoker_alacrity.png
Sun Strike,Invoker,47.65%,15.1,49.21%,13.7,48.32%,15.05,48.55%,15.12,48.70%,13.91,skills\invoker_sun_strike.png
Forge Spirit,Invoker,43.15%,31.15,41.72%,31.2,43.38%,30.67,45.18%,31.02,41.08%,31.08,skills\invoker_forge_spirit.png
Chaos Meteor,Invoker,48.01%,21.12,50.03%,19.2,49.22%,21.2,48.98%,21.07,49.68%,19.55,skills\invoker_chaos_meteor.png
Ice Wall,Invoker,43.65%,32.78,46.95%,32.11,48.25%,32.68,46.07%,32.58,46.82%,32.34,skills\invoker_ice_wall.png
Deafening Blast,Invoker,47.96%,30.6,48.09%,28.94,49.15%,29.81,47.86%,30,48.46%,29.25,skills\invoker_deafening_blast_ad.png
Starbreaker,Dawnbreaker,47.04%,21.86,46.03%,22.47,50.67%,19.88,49.73%,20.18,47.36%,23.34,skills\dawnbreaker_fire_wreath.png
Solar Guardian,Dawnbreaker,50.53%,29.96,49.82%,29.31,51.10%,28.95,50.70%,29.14,50.64%,29.64,skills\dawnbreaker_solar_guardian.png
Celestial Hammer,Dawnbreaker,46.94%,28.93,47.65%,28.27,48.57%,28.21,48.03%,28.26,47.80%,28.71,skills\dawnbreaker_celestial_hammer.png
Luminosity,Dawnbreaker,48.79%,19.48,47.72%,19.79,48.40%,19.54,47.60%,19.62,49.30%,19.53,skills\dawnbreaker_luminosity.png
Stroke of Fate,Grimstroke,46.53%,23.38,48.58%,20.48,47.07%,23.78,46.85%,23.74,48.37%,20.77,skills\grimstroke_dark_artistry.png
Phantom's Embrace,Grimstroke,53.12%,27.8,53.26%,25.7,53.80%,27.58,53.05%,27.81,53.51%,26.05,skills\grimstroke_ink_creature.png
Ink Swell,Grimstroke,51.24%,22.13,50.92%,20.71,53.05%,21.56,52.79%,21.59,50.60%,21.14,skills\grimstroke_spirit_walk.png
Adaptive Strike (Strength),Morphling,46.36%,31.68,49.18%,32.37,49.02%,32.66,48.74%,32.64,48.20%,32.02,skills\morphling_adaptive_strike_str.png
Mana Break,Anti-Mage,50.03%,13.18,50.60%,12.89,47.54%,14.88,45.99%,14.23,52.01%,12.86,skills\necronomicon_warrior_mana_burn.png
Blink,Anti-Mage,50.24%,6.55,52.33%,6.5,52.05%,6.69,50.13%,6.47,53.46%,6.77,skills\antimage_blink.png
Mana Void,Anti-Mage,46.03%,32.91,47.30%,32.4,44.91%,32.86,44.11%,32.7,48.19%,32.81,skills\antimage_mana_void.png
Berserker's Call,Axe,50.18%,20.89,51.29%,20.89,53.60%,19.5,53.17%,19.69,49.87%,21.24,skills\axe_berserkers_call.png
Battle Hunger,Axe,47.50%,29.73,48.74%,28.03,50.46%,29.67,49.59%,29.7,48.78%,28.48,skills\axe_battle_hunger.png
Counter Helix,Axe,50.22%,12.14,49.30%,12.79,52.07%,9.92,51.89%,10.17,47.48%,14.64,skills\axe_counter_helix.png
Culling Blade,Axe,40.62%,32.05,40.71%,30.99,45.29%,32.39,44.13%,32.4,41.08%,30.92,skills\axe_culling_blade.png
Brain Sap,Bane,48.00%,26.38,49.91%,23.54,49.47%,26.66,49.62%,26.66,49.41%,23.86,skills\bane_brain_sap.png
Enfeeble,Bane,45.95%,33.54,47.41%,33.4,45.27%,33.37,45.33%,33.42,47.13%,33.44,skills\bane_enfeeble.png
Fiend's Grip,Bane,53.78%,18.74,55.81%,17.11,55.03%,19.3,54.65%,19.09,55.49%,17.39,skills\bane_fiends_grip.png
Nightmare,Bane,46.76%,27.85,45.44%,26.57,45.32%,28.19,45.12%,28.14,46.21%,26.92,skills\bane_nightmare.png
Bloodrage,Bloodseeker,46.75%,23.25,48.67%,22.68,43.57%,23.92,43.45%,23.45,49.61%,23.06,skills\bloodseeker_bloodrage.png
Blood Rite,Bloodseeker,49.62%,27.21,50.55%,26.56,49.88%,27.63,49.76%,27.29,50.32%,26.89,skills\bloodseeker_blood_bath.png
Thirst,Bloodseeker,55.45%,2.86,55.13%,2.85,55.58%,2.83,55.19%,2.82,55.78%,2.89,skills\bloodseeker_thirst.png
Rupture,Bloodseeker,50.53%,21.66,51.06%,20.94,51.80%,21.54,51.24%,21.35,50.90%,21.45,skills\bloodseeker_rupture.png
Frost Arrows,Drow Ranger,51.89%,22.73,49.13%,21.77,45.60%,23.68,42.72%,24.12,51.55%,22.24,skills\drow_ranger_frost_arrows.png
Marksmanship,Drow Ranger,58.34%,7.8,49.83%,9.68,47.37%,11.43,41.81%,12.28,56.47%,8.23,skills\drow_ranger_marksmanship.png
Fissure,Earthshaker,50.51%,20.2,52.04%,18.33,51.46%,19.6,51.06%,19.68,51.89%,18.8,skills\earthshaker_fissure.png
Enchant Totem,Earthshaker,43.98%,10.8,44.26%,10.67,47.71%,9.75,46.78%,9.88,44.34%,10.88,skills\earthshaker_enchant_totem.png
Aftershock,Earthshaker,53.75%,7.3,54.96%,7.03,56.57%,6.83,56.31%,6.86,53.86%,7.25,skills\earthshaker_aftershock.png
Echo Slam,Earthshaker,45.26%,31.5,46.26%,30.77,49.03%,31.46,48.31%,31.55,45.70%,30.77,skills\earthshaker_echo_slam.png
Blade Dance,Juggernaut,46.66%,19.2,46.32%,18.72,44.75%,19.4,45.12%,19.45,47.25%,18.78,skills\juggernaut_blade_dance.png
Blade Fury,Juggernaut,52.95%,9.3,52.67%,9.63,55.20%,8.94,54.65%,8.92,51.46%,10.09,skills\juggernaut_blade_fury.png
Healing Ward,Juggernaut,51.37%,34.09,52.26%,32.64,51.89%,33.38,51.15%,33.79,52.58%,33.08,skills\juggernaut_healing_ward.png
Omnislash,Juggernaut,48.48%,16.61,47.74%,18.99,44.35%,17.73,46.84%,16.5,48.52%,19.12,skills\juggernaut_omni_slash.png
Torrent,Kunkka,48.18%,26.93,49.49%,25.9,50.10%,26.5,49.47%,26.59,49.45%,26.14,skills\kunkka_torrent.png
Tidebringer,Kunkka,48.73%,4.43,48.36%,4.64,51.70%,4.09,50.44%,4.1,50.69%,4.86,skills\kunkka_tidebringer.png
X Marks the Spot,Kunkka,43.37%,32.88,44.26%,31.98,47.26%,32.61,45.77%,32.7,44.84%,32.21,skills\kunkka_x_marks_the_spot.png
Sharpshooter,Hoodwink,47.28%,29.73,47.46%,28.85,46.69%,29.92,46.18%,29.81,47.72%,29.27,skills\hoodwink_sharpshooter.png
Ghostship,Kunkka,48.84%,30.36,50.23%,29.37,51.38%,29.37,50.53%,29.56,50.23%,29.72,skills\kunkka_ghostship.png
Dragon Slave,Lina,41.85%,28.8,46.53%,27.76,43.11%,29.1,42.85%,29.27,45.83%,27.82,skills\lina_dragon_slave.png
Light Strike Array,Lina,50.39%,22.79,52.56%,21.61,52.56%,23.17,51.92%,23.02,52.14%,21.84,skills\lina_light_strike_array.png
Fiery Soul,Lina,50.21%,4.84,54.82%,4.59,50.38%,4.98,49.48%,4.98,54.03%,4.63,skills\lina_fiery_soul.png
Laguna Blade,Lina,42.99%,25.98,45.68%,24.07,44.09%,25.98,43.76%,25.93,45.24%,24.4,skills\lina_laguna_blade.png
Earth Spike,Lion,51.74%,11.15,52.46%,10.6,53.37%,11.05,53.19%,11,52.18%,10.73,skills\lion_impale.png
Hex,Lion,50.44%,27.09,50.47%,25.61,51.06%,27.4,50.63%,27.28,50.57%,25.94,skills\lion_voodoo.png
Mana Drain,Lion,45.23%,29.2,44.55%,28.7,45.92%,29.29,45.82%,29.33,44.59%,28.74,skills\lion_mana_drain.png
Finger of Death,Lion,43.88%,4.68,44.81%,4.15,43.66%,4.58,43.83%,4.57,44.65%,4.24,skills\lion_finger_of_death.png
Sacred Arrow,Mirana,51.04%,18.97,51.74%,17.43,50.89%,18.82,50.73%,18.81,51.60%,18,skills\mirana_arrow.png
Moonlight Shadow,Mirana,51.45%,33.3,51.00%,32.89,49.59%,33.37,49.22%,33.39,51.73%,33.09,skills\mirana_invis.png
Leap,Mirana,53.04%,12.83,51.05%,13.61,50.35%,14.86,48.81%,14.8,53.17%,12.92,skills\mirana_leap.png
Starstorm,Mirana,47.57%,28.77,48.60%,28.05,49.17%,28.78,48.62%,28.78,48.23%,28.32,skills\mirana_starfall.png
Waveform,Morphling,51.40%,15.26,49.72%,15.12,49.32%,15.83,48.96%,15.94,51.24%,15.04,skills\morphling_waveform.png
Adaptive Strike (Agility),Morphling,48.47%,32.67,42.30%,30.02,41.50%,30.77,43.49%,32.31,48.92%,32.25,skills\morphling_adaptive_strike_agi.png
Shadowraze,Shadow Fiend,46.59%,23.86,46.72%,23.29,47.76%,24.32,47.16%,24.38,46.80%,23.39,nevermore_shadowraze2.png
Necromastery,Shadow Fiend,52.56%,7.96,49.39%,8.2,47.72%,8.81,46.61%,8.72,52.80%,7.95,skills\nevermore_necromastery.png
Presence of the Dark Lord,Shadow Fiend,53.63%,27.31,51.31%,26.89,51.71%,27.18,50.56%,27.29,54.26%,27.1,skills\nevermore_dark_lord.png
Requiem of Souls,Shadow Fiend,49.50%,32.18,47.26%,30.95,46.26%,31.13,45.03%,31.29,49.91%,31.8,skills\nevermore_requiem.png
Spirit Lance,Phantom Lancer,50.42%,24.64,50.89%,23.74,50.21%,25.06,49.55%,24.52,51.55%,24.38,skills\phantom_lancer_spirit_lance.png
Doppelganger,Phantom Lancer,53.33%,21.27,54.79%,21.43,52.96%,22.38,51.30%,21.69,56.02%,21.41,skills\phantom_lancer_doppelwalk.png
Juxtapose,Phantom Lancer,50.73%,9.73,49.28%,10.62,46.11%,11.58,46.12%,10.41,52.48%,10.19,skills\phantom_lancer_juxtapose.png
Phantom Rush,Phantom Lancer,47.17%,26.19,45.52%,27.68,46.31%,26.83,45.68%,26.09,50.49%,27.9,skills\phantom_lancer_phantom_edge.png
Illusory Orb,Puck,47.74%,26.61,48.24%,23.81,49.88%,26.38,48.20%,26.54,48.58%,24.3,skills\puck_illusory_orb.png
Waning Rift,Puck,50.36%,29.57,49.01%,28.03,50.26%,29.57,50.27%,29.55,49.26%,28.31,skills\puck_waning_rift.png
Phase Shift,Puck,50.41%,29.35,47.96%,25.73,50.84%,29.21,49.57%,29.35,48.76%,26.3,skills\puck_phase_shift.png
Dream Coil,Puck,48.16%,27.75,48.50%,26.19,48.70%,27.79,48.53%,27.78,48.43%,26.53,skills\puck_dream_coil.png
Flesh Heap,Pudge,50.94%,11.28,50.97%,11.12,51.36%,9.01,51.34%,9.27,50.81%,11.29,skills\pudge_flesh_heap.png
Meat Hook,Pudge,47.96%,12.68,47.73%,11.49,47.66%,12.68,47.72%,12.7,47.78%,11.73,skills\pudge_meat_hook.png
Rot,Pudge,53.00%,14.46,53.77%,14.07,53.85%,14.01,53.98%,14.05,52.44%,14.31,skills\pudge_rot.png
Dismember,Pudge,47.97%,27,47.84%,26.76,49.60%,26.93,49.25%,26.99,48.10%,26.68,skills\pudge_dismember.png
Ether Shock,Shadow Shaman,44.14%,30.15,46.33%,29.6,44.45%,30.42,43.89%,30.31,46.24%,29.66,skills\shadow_shaman_ether_shock.png
Hex,Shadow Shaman,50.49%,27.56,49.83%,25.96,49.97%,27.64,49.63%,27.7,50.23%,26.28,skills\shadow_shaman_voodoo.png
Shackles,Shadow Shaman,52.29%,15.76,52.04%,14.39,53.19%,16.6,52.81%,16.41,52.12%,14.53,skills\shadow_shaman_shackles.png
Mass Serpent Ward,Shadow Shaman,51.76%,20.51,53.00%,17.91,53.52%,20.82,52.73%,20.54,52.94%,18.38,skills\shadow_shaman_mass_serpent_ward.png
Plasma Field,Razor,51.21%,27.73,51.56%,25.9,50.65%,28.05,49.71%,27.94,52.06%,26.66,skills\razor_plasma_field.png
Static Link,Razor,46.30%,17.06,43.68%,17.86,45.28%,18.22,44.85%,18.12,45.90%,17.15,skills\razor_static_link.png
Storm Surge,Razor,53.55%,17.64,53.37%,17.18,53.33%,17.46,52.66%,17.55,54.08%,17.38,skills\razor_unstable_current.png
Eye of the Storm,Razor,48.56%,26.33,46.63%,26,50.56%,25.7,49.83%,25.77,47.88%,26.32,skills\razor_eye_of_the_storm.png
Wraithfire Blast,Wraith King,51.05%,14.53,50.75%,12.92,51.03%,14.31,51.04%,14.34,50.81%,13.31,skills\skeleton_king_hellfire_blast.png
Bushwhack,Hoodwink,50.06%,29.16,49.01%,28.44,47.79%,29.55,47.78%,29.62,49.88%,28.68,skills\hoodwink_bushwhack.png
Vampiric Spirit,Wraith King,51.37%,24.2,50.76%,24.67,47.44%,23.71,47.63%,23.76,52.44%,24.56,skills\skeleton_king_vampiric_aura.png
Mortal Strike,Wraith King,48.93%,11.73,49.01%,11.82,45.37%,11.36,45.20%,11.4,50.37%,11.85,skills\skeleton_king_mortal_strike.png
Reincarnation,Wraith King,60.39%,6.65,61.51%,6.09,60.10%,6.11,59.95%,6.14,61.54%,6.44,skills\skeleton_king_reincarnation.png
Crypt Swarm,Death Prophet,45.69%,30,48.29%,28.9,46.29%,29.76,45.85%,29.95,48.10%,28.98,skills\death_prophet_carrion_swarm.png
Silence,Death Prophet,48.04%,34.65,49.07%,33.88,47.68%,34.25,47.57%,34.45,48.97%,34.01,skills\drow_ranger_silence.png
Exorcism,Death Prophet,47.97%,15.02,49.95%,12.84,50.21%,14.05,49.71%,14.14,49.53%,13.36,skills\death_prophet_exorcism.png
Storm Hammer,Sven,53.42%,4.95,54.96%,4.73,54.53%,4.66,54.06%,4.68,54.92%,4.85,skills\sven_storm_bolt.png
Great Cleave,Sven,48.74%,12.53,50.93%,15.22,46.91%,12.48,47.08%,12.24,52.29%,15.58,skills\sven_great_cleave.png
Warcry,Sven,48.95%,33.46,50.16%,33.25,47.39%,33.12,46.96%,33.19,51.12%,33.36,skills\sven_warcry.png
God's Strength,Sven,50.19%,19.28,49.19%,19.63,46.34%,18.55,45.80%,18.79,51.82%,19.35,skills\sven_gods_strength.png
Static Remnant,Storm Spirit,44.93%,28.41,45.97%,28.05,47.65%,27.65,47.56%,27.92,45.54%,28.07,skills\storm_spirit_static_remnant.png
Electric Vortex,Storm Spirit,49.13%,24.18,49.19%,22.8,51.96%,24.05,50.91%,24.03,49.33%,23.07,skills\storm_spirit_electric_vortex.png
Overload,Storm Spirit,46.03%,25.86,47.24%,24.35,44.78%,26.13,44.61%,26.33,47.24%,24.5,skills\storm_spirit_overload.png
Ball Lightning,Storm Spirit,49.26%,21.6,50.85%,16.25,49.92%,20.99,49.56%,20.91,50.70%,16.95,skills\storm_spirit_ball_lightning.png
Burrowstrike,Sand King,54.15%,3.58,55.20%,3.57,55.72%,3.53,55.44%,3.52,54.79%,3.6,skills\sandking_burrowstrike.png
Sand Storm,Sand King,52.29%,25.72,52.22%,24.66,51.72%,23.27,51.82%,23.62,52.26%,25.15,skills\sandking_sand_storm.png
Caustic Finale,Sand King,52.48%,10.61,51.69%,10.59,48.99%,11.24,48.73%,11.17,53.13%,10.5,skills\sandking_caustic_finale.png
Epicenter,Sand King,48.17%,31,47.65%,29.82,49.12%,30.52,49.07%,30.63,47.38%,30.12,skills\sandking_epicenter.png
Avalanche,Tiny,51.35%,16.83,52.13%,15.9,51.33%,15.82,51.23%,15.95,52.12%,16.24,skills\tiny_avalanche.png
Toss,Tiny,47.24%,25.25,47.97%,24.78,46.89%,24.76,47.03%,24.79,47.67%,25.01,skills\tiny_toss.png
Tree Grab,Tiny,48.08%,10.89,44.34%,12.82,48.21%,10.03,48.20%,10.01,45.52%,13.54,skills\tiny_tree_grab.png
Grow,Tiny,51.10%,12.21,50.97%,12.32,49.68%,11.71,49.34%,11.81,52.19%,12.3,skills\tiny_grow.png
Arc Lightning,Zeus,45.76%,23.94,46.12%,23.66,46.86%,22.86,46.33%,23.16,46.16%,23.69,skills\zuus_arc_lightning.png
Lightning Bolt,Zeus,50.43%,12.66,51.95%,10.18,50.82%,13,50.58%,12.79,51.84%,10.45,skills\zuus_lightning_bolt.png
Static Field,Zeus,45.93%,29.6,48.18%,28.97,46.22%,29.25,45.65%,29.45,48.13%,29,skills\zuus_static_field.png
Thundergod's Wrath,Zeus,49.68%,23.82,50.37%,21.52,49.37%,23.76,49.20%,23.74,50.38%,21.81,skills\zuus_thundergods_wrath.png
Guardian Sprint,Slardar,50.35%,27.84,51.18%,27.03,50.22%,27.22,49.26%,27.43,52.18%,27.27,skills\slardar_sprint.png
Slithereen Crush,Slardar,48.63%,17.31,48.22%,17.56,49.75%,16.14,49.54%,16.29,48.06%,18.03,skills\slardar_slithereen_crush.png
Bash of the Deep,Slardar,54.23%,2.58,52.97%,2.61,49.26%,2.66,48.42%,2.66,55.29%,2.57,skills\slardar_bash.png
Corrosive Haze,Slardar,50.19%,26.78,50.51%,26.36,49.98%,26.74,48.66%,26.84,51.95%,26.43,skills\slardar_amplify_damage.png
Gush,Tidehunter,50.32%,16.64,51.68%,14.52,51.07%,16.28,50.72%,16.35,51.53%,14.99,skills\tidehunter_gush.png
Kraken Shell,Tidehunter,55.60%,16.06,57.41%,15.99,55.51%,13.9,55.04%,14.17,58.21%,16.52,skills\tidehunter_kraken_shell.png
